[{"id":1,"name":"Afghanistan","iso2":"AF","iso3":"AFG","numericCode":"004","phoneCode":"93","capital":"Kabul","currency":"AFN","region":"Asia","subregion":"Southern Asia"},{"id":2,"name":"Aland Islands","iso2":"AX","iso3":"ALA","numericCode":"248","phoneCode":"358","capital":"Mariehamn","currency":"EUR","region":"Europe","subregion":"Northern Europe"},{"id":3,"name":"Albania","iso2":"AL","iso3":"ALB","numericCode":"008","phoneCode":"355","capital":"Tirana","currency":"ALL","region":"Europe","subregion":"Southern Europe"},{"id":4,"name":"Algeria","iso2":"DZ","iso3":"DZA","numericCode":"012","phoneCode":"213","capital":"Algiers","currency":"DZD","region":"Africa","subregion":"Northern Africa"},{"id":5,"name":"American Samoa","iso2":"AS","iso3":"ASM","numericCode":"016","phoneCode":"1","capital":"Pago Pago","currency":"USD","region":"Oceania","subregion":"Polynesia"},{"id":6,"name":"Andorra","iso2":"AD","iso3":"AND","numericCode":"020","phoneCode":"376","capital":"Andorra la Vella","currency":"EUR","region":"Europe","subregion":"Southern Europe"},{"id":7,"name":"Angola","iso2":"AO","iso3":"AGO","numericCode":"024","phoneCode":"244","capital":"Luanda","currency":"AOA","region":"Africa","subregion":"Middle Africa"},{"id":8,"name":"Anguilla","iso2":"AI","iso3":"AIA","numericCode":"660","phoneCode":"1","capital":"The Valley","currency":"XCD","region":"Americas","subregion":"Caribbean"},{"id":9,"name":"Antarctica","iso2":"AQ","iso3":"ATA","numericCode":"010","phoneCode":"672","capital":null,"currency":"AAD","region":"Polar","subregion":null},{"id":10,"name":"Antigua and Barbuda","iso2":"AG","iso3":"ATG","numericCode":"028","phoneCode":"1","capital":"St. John's","currency":"XCD","region":"Americas","subregion":"Caribbean"},{"id":11,"name":"Argentina","iso2":"AR","iso3":"ARG","numericCode":"032","phoneCode":"54","capital":"Buenos Aires","currency":"ARS","region":"Americas","subregion":"South America"},{"id":12,"name":"Armenia","iso2":"AM","iso3":"ARM","numericCode":"051","phoneCode":"374","capital":"Yerevan","currency":"AMD","region":"Asia","subregion":"Western Asia"},{"id":13,"name":"Aruba","iso2":"AW","iso3":"ABW","numericCode":"533","phoneCode":"297","capital":"Oranjestad","currency":"AWG","region":"Americas","subregion":"Caribbean"},{"id":14,"name":"Australia","iso2":"AU","iso3":"AUS","numericCode":"036","phoneCode":"61","capital":"Canberra","currency":"AUD","region":"Oceania","subregion":"Australia and New Zealand"},{"id":15,"name":"Austria","iso2":"AT","iso3":"AUT","numericCode":"040","phoneCode":"43","capital":"Vienna","currency":"EUR","region":"Europe","subregion":"Western Europe"},{"id":16,"name":"Azerbaijan","iso2":"AZ","iso3":"AZE","numericCode":"031","phoneCode":"994","capital":"Baku","currency":"AZN","region":"Asia","subregion":"Western Asia"},{"id":18,"name":"Bahrain","iso2":"BH","iso3":"BHR","numericCode":"048","phoneCode":"973","capital":"Manama","currency":"BHD","region":"Asia","subregion":"Western Asia"},{"id":19,"name":"Bangladesh","iso2":"BD","iso3":"BGD","numericCode":"050","phoneCode":"880","capital":"Dhaka","currency":"BDT","region":"Asia","subregion":"Southern Asia"},{"id":20,"name":"Barbados","iso2":"BB","iso3":"BRB","numericCode":"052","phoneCode":"1","capital":"Bridgetown","currency":"BBD","region":"Americas","subregion":"Caribbean"},{"id":21,"name":"Belarus","iso2":"BY","iso3":"BLR","numericCode":"112","phoneCode":"375","capital":"Minsk","currency":"BYN","region":"Europe","subregion":"Eastern Europe"},{"id":22,"name":"Belgium","iso2":"BE","iso3":"BEL","numericCode":"056","phoneCode":"32","capital":"Brussels","currency":"EUR","region":"Europe","subregion":"Western Europe"},{"id":23,"name":"Belize","iso2":"BZ","iso3":"BLZ","numericCode":"084","phoneCode":"501","capital":"Belmopan","currency":"BZD","region":"Americas","subregion":"Central America"},{"id":24,"name":"Benin","iso2":"BJ","iso3":"BEN","numericCode":"204","phoneCode":"229","capital":"Porto-Novo","currency":"XOF","region":"Africa","subregion":"Western Africa"},{"id":25,"name":"Bermuda","iso2":"BM","iso3":"BMU","numericCode":"060","phoneCode":"1","capital":"Hamilton","currency":"BMD","region":"Americas","subregion":"Northern America"},{"id":26,"name":"Bhutan","iso2":"BT","iso3":"BTN","numericCode":"064","phoneCode":"975","capital":"Thimphu","currency":"BTN","region":"Asia","subregion":"Southern Asia"},{"id":27,"name":"Bolivia","iso2":"BO","iso3":"BOL","numericCode":"068","phoneCode":"591","capital":"Sucre","currency":"BOB","region":"Americas","subregion":"South America"},{"id":155,"name":"Bonaire, Sint Eustatius and Saba","iso2":"BQ","iso3":"BES","numericCode":"535","phoneCode":"599","capital":"Kralendijk","currency":"USD","region":"Americas","subregion":"Caribbean"},{"id":28,"name":"Bosnia and Herzegovina","iso2":"BA","iso3":"BIH","numericCode":"070","phoneCode":"387","capital":"Sarajevo","currency":"BAM","region":"Europe","subregion":"Southern Europe"},{"id":29,"name":"Botswana","iso2":"BW","iso3":"BWA","numericCode":"072","phoneCode":"267","capital":"Gaborone","currency":"BWP","region":"Africa","subregion":"Southern Africa"},{"id":30,"name":"Bouvet Island","iso2":"BV","iso3":"BVT","numericCode":"074","phoneCode":"0055","capital":null,"currency":"NOK","region":null,"subregion":null},{"id":31,"name":"Brazil","iso2":"BR","iso3":"BRA","numericCode":"076","phoneCode":"55","capital":"Brasilia","currency":"BRL","region":"Americas","subregion":"South America"},{"id":32,"name":"British Indian Ocean Territory","iso2":"IO","iso3":"IOT","numericCode":"086","phoneCode":"246","capital":"Diego Garcia","currency":"USD","region":"Africa","subregion":"Eastern Africa"},{"id":33,"name":"Brunei","iso2":"BN","iso3":"BRN","numericCode":"096","phoneCode":"673","capital":"Bandar Seri Begawan","currency":"BND","region":"Asia","subregion":"South-Eastern Asia"},{"id":34,"name":"Bulgaria","iso2":"BG","iso3":"BGR","numericCode":"100","phoneCode":"359","capital":"Sofia","currency":"BGN","region":"Europe","subregion":"Eastern Europe"},{"id":35,"name":"Burkina Faso","iso2":"BF","iso3":"BFA","numericCode":"854","phoneCode":"226","capital":"Ouagadougou","currency":"XOF","region":"Africa","subregion":"Western Africa"},{"id":36,"name":"Burundi","iso2":"BI","iso3":"BDI","numericCode":"108","phoneCode":"257","capital":"Bujumbura","currency":"BIF","region":"Africa","subregion":"Eastern Africa"},{"id":37,"name":"Cambodia","iso2":"KH","iso3":"KHM","numericCode":"116","phoneCode":"855","capital":"Phnom Penh","currency":"KHR","region":"Asia","subregion":"South-Eastern Asia"},{"id":38,"name":"Cameroon","iso2":"CM","iso3":"CMR","numericCode":"120","phoneCode":"237","capital":"Yaounde","currency":"XAF","region":"Africa","subregion":"Middle Africa"},{"id":39,"name":"Canada","iso2":"CA","iso3":"CAN","numericCode":"124","phoneCode":"1","capital":"Ottawa","currency":"CAD","region":"Americas","subregion":"Northern America"},{"id":40,"name":"Cape Verde","iso2":"CV","iso3":"CPV","numericCode":"132","phoneCode":"238","capital":"Praia","currency":"CVE","region":"Africa","subregion":"Western Africa"},{"id":41,"name":"Cayman Islands","iso2":"KY","iso3":"CYM","numericCode":"136","phoneCode":"1","capital":"George Town","currency":"KYD","region":"Americas","subregion":"Caribbean"},{"id":42,"name":"Central African Republic","iso2":"CF","iso3":"CAF","numericCode":"140","phoneCode":"236","capital":"Bangui","currency":"XAF","region":"Africa","subregion":"Middle Africa"},{"id":43,"name":"Chad","iso2":"TD","iso3":"TCD","numericCode":"148","phoneCode":"235","capital":"N'Djamena","currency":"XAF","region":"Africa","subregion":"Middle Africa"},{"id":44,"name":"Chile","iso2":"CL","iso3":"CHL","numericCode":"152","phoneCode":"56","capital":"Santiago","currency":"CLP","region":"Americas","subregion":"South America"},{"id":45,"name":"China","iso2":"CN","iso3":"CHN","numericCode":"156","phoneCode":"86","capital":"Beijing","currency":"CNY","region":"Asia","subregion":"Eastern Asia"},{"id":46,"name":"Christmas Island","iso2":"CX","iso3":"CXR","numericCode":"162","phoneCode":"61","capital":"Flying Fish Cove","currency":"AUD","region":"Oceania","subregion":"Australia and New Zealand"},{"id":47,"name":"Cocos (Keeling) Islands","iso2":"CC","iso3":"CCK","numericCode":"166","phoneCode":"61","capital":"West Island","currency":"AUD","region":"Oceania","subregion":"Australia and New Zealand"},{"id":48,"name":"Colombia","iso2":"CO","iso3":"COL","numericCode":"170","phoneCode":"57","capital":"Bogotá","currency":"COP","region":"Americas","subregion":"South America"},{"id":49,"name":"Comoros","iso2":"KM","iso3":"COM","numericCode":"174","phoneCode":"269","capital":"Moroni","currency":"KMF","region":"Africa","subregion":"Eastern Africa"},{"id":50,"name":"Congo","iso2":"CG","iso3":"COG","numericCode":"178","phoneCode":"242","capital":"Brazzaville","currency":"CDF","region":"Africa","subregion":"Middle Africa"},{"id":52,"name":"Cook Islands","iso2":"CK","iso3":"COK","numericCode":"184","phoneCode":"682","capital":"Avarua","currency":"NZD","region":"Oceania","subregion":"Polynesia"},{"id":53,"name":"Costa Rica","iso2":"CR","iso3":"CRI","numericCode":"188","phoneCode":"506","capital":"San Jose","currency":"CRC","region":"Americas","subregion":"Central America"},{"id":55,"name":"Croatia","iso2":"HR","iso3":"HRV","numericCode":"191","phoneCode":"385","capital":"Zagreb","currency":"EUR","region":"Europe","subregion":"Southern Europe"},{"id":56,"name":"Cuba","iso2":"CU","iso3":"CUB","numericCode":"192","phoneCode":"53","capital":"Havana","currency":"CUP","region":"Americas","subregion":"Caribbean"},{"id":249,"name":"Curaçao","iso2":"CW","iso3":"CUW","numericCode":"531","phoneCode":"599","capital":"Willemstad","currency":"ANG","region":"Americas","subregion":"Caribbean"},{"id":57,"name":"Cyprus","iso2":"CY","iso3":"CYP","numericCode":"196","phoneCode":"357","capital":"Nicosia","currency":"EUR","region":"Europe","subregion":"Southern Europe"},{"id":58,"name":"Czech Republic","iso2":"CZ","iso3":"CZE","numericCode":"203","phoneCode":"420","capital":"Prague","currency":"CZK","region":"Europe","subregion":"Eastern Europe"},{"id":51,"name":"Democratic Republic of the Congo","iso2":"CD","iso3":"COD","numericCode":"180","phoneCode":"243","capital":"Kinshasa","currency":"CDF","region":"Africa","subregion":"Middle Africa"},{"id":59,"name":"Denmark","iso2":"DK","iso3":"DNK","numericCode":"208","phoneCode":"45","capital":"Copenhagen","currency":"DKK","region":"Europe","subregion":"Northern Europe"},{"id":60,"name":"Djibouti","iso2":"DJ","iso3":"DJI","numericCode":"262","phoneCode":"253","capital":"Djibouti","currency":"DJF","region":"Africa","subregion":"Eastern Africa"},{"id":61,"name":"Dominica","iso2":"DM","iso3":"DMA","numericCode":"212","phoneCode":"1","capital":"Roseau","currency":"XCD","region":"Americas","subregion":"Caribbean"},{"id":62,"name":"Dominican Republic","iso2":"DO","iso3":"DOM","numericCode":"214","phoneCode":"1","capital":"Santo Domingo","currency":"DOP","region":"Americas","subregion":"Caribbean"},{"id":64,"name":"Ecuador","iso2":"EC","iso3":"ECU","numericCode":"218","phoneCode":"593","capital":"Quito","currency":"USD","region":"Americas","subregion":"South America"},{"id":65,"name":"Egypt","iso2":"EG","iso3":"EGY","numericCode":"818","phoneCode":"20","capital":"Cairo","currency":"EGP","region":"Africa","subregion":"Northern Africa"},{"id":66,"name":"El Salvador","iso2":"SV","iso3":"SLV","numericCode":"222","phoneCode":"503","capital":"San Salvador","currency":"USD","region":"Americas","subregion":"Central America"},{"id":67,"name":"Equatorial Guinea","iso2":"GQ","iso3":"GNQ","numericCode":"226","phoneCode":"240","capital":"Malabo","currency":"XAF","region":"Africa","subregion":"Middle Africa"},{"id":68,"name":"Eritrea","iso2":"ER","iso3":"ERI","numericCode":"232","phoneCode":"291","capital":"Asmara","currency":"ERN","region":"Africa","subregion":"Eastern Africa"},{"id":69,"name":"Estonia","iso2":"EE","iso3":"EST","numericCode":"233","phoneCode":"372","capital":"Tallinn","currency":"EUR","region":"Europe","subregion":"Northern Europe"},{"id":212,"name":"Eswatini","iso2":"SZ","iso3":"SWZ","numericCode":"748","phoneCode":"268","capital":"Mbabane","currency":"SZL","region":"Africa","subregion":"Southern Africa"},{"id":70,"name":"Ethiopia","iso2":"ET","iso3":"ETH","numericCode":"231","phoneCode":"251","capital":"Addis Ababa","currency":"ETB","region":"Africa","subregion":"Eastern Africa"},{"id":71,"name":"Falkland Islands","iso2":"FK","iso3":"FLK","numericCode":"238","phoneCode":"500","capital":"Stanley","currency":"FKP","region":"Americas","subregion":"South America"},{"id":72,"name":"Faroe Islands","iso2":"FO","iso3":"FRO","numericCode":"234","phoneCode":"298","capital":"Torshavn","currency":"DKK","region":"Europe","subregion":"Northern Europe"},{"id":73,"name":"Fiji Islands","iso2":"FJ","iso3":"FJI","numericCode":"242","phoneCode":"679","capital":"Suva","currency":"FJD","region":"Oceania","subregion":"Melanesia"},{"id":74,"name":"Finland","iso2":"FI","iso3":"FIN","numericCode":"246","phoneCode":"358","capital":"Helsinki","currency":"EUR","region":"Europe","subregion":"Northern Europe"},{"id":75,"name":"France","iso2":"FR","iso3":"FRA","numericCode":"250","phoneCode":"33","capital":"Paris","currency":"EUR","region":"Europe","subregion":"Western Europe"},{"id":76,"name":"French Guiana","iso2":"GF","iso3":"GUF","numericCode":"254","phoneCode":"594","capital":"Cayenne","currency":"EUR","region":"Americas","subregion":"South America"},{"id":77,"name":"French Polynesia","iso2":"PF","iso3":"PYF","numericCode":"258","phoneCode":"689","capital":"Papeete","currency":"XPF","region":"Oceania","subregion":"Polynesia"},{"id":78,"name":"French Southern Territories","iso2":"TF","iso3":"ATF","numericCode":"260","phoneCode":"262","capital":"Port-aux-Francais","currency":"EUR","region":"Africa","subregion":"Southern Africa"},{"id":79,"name":"Gabon","iso2":"GA","iso3":"GAB","numericCode":"266","phoneCode":"241","capital":"Libreville","currency":"XAF","region":"Africa","subregion":"Middle Africa"},{"id":81,"name":"Georgia","iso2":"GE","iso3":"GEO","numericCode":"268","phoneCode":"995","capital":"Tbilisi","currency":"GEL","region":"Asia","subregion":"Western Asia"},{"id":82,"name":"Germany","iso2":"DE","iso3":"DEU","numericCode":"276","phoneCode":"49","capital":"Berlin","currency":"EUR","region":"Europe","subregion":"Western Europe"},{"id":83,"name":"Ghana","iso2":"GH","iso3":"GHA","numericCode":"288","phoneCode":"233","capital":"Accra","currency":"GHS","region":"Africa","subregion":"Western Africa"},{"id":84,"name":"Gibraltar","iso2":"GI","iso3":"GIB","numericCode":"292","phoneCode":"350","capital":"Gibraltar","currency":"GIP","region":"Europe","subregion":"Southern Europe"},{"id":85,"name":"Greece","iso2":"GR","iso3":"GRC","numericCode":"300","phoneCode":"30","capital":"Athens","currency":"EUR","region":"Europe","subregion":"Southern Europe"},{"id":86,"name":"Greenland","iso2":"GL","iso3":"GRL","numericCode":"304","phoneCode":"299","capital":"Nuuk","currency":"DKK","region":"Americas","subregion":"Northern America"},{"id":87,"name":"Grenada","iso2":"GD","iso3":"GRD","numericCode":"308","phoneCode":"1","capital":"St. George's","currency":"XCD","region":"Americas","subregion":"Caribbean"},{"id":88,"name":"Guadeloupe","iso2":"GP","iso3":"GLP","numericCode":"312","phoneCode":"590","capital":"Basse-Terre","currency":"EUR","region":"Americas","subregion":"Caribbean"},{"id":89,"name":"Guam","iso2":"GU","iso3":"GUM","numericCode":"316","phoneCode":"1","capital":"Hagatna","currency":"USD","region":"Oceania","subregion":"Micronesia"},{"id":90,"name":"Guatemala","iso2":"GT","iso3":"GTM","numericCode":"320","phoneCode":"502","capital":"Guatemala City","currency":"GTQ","region":"Americas","subregion":"Central America"},{"id":91,"name":"Guernsey","iso2":"GG","iso3":"GGY","numericCode":"831","phoneCode":"44","capital":"St Peter Port","currency":"GBP","region":"Europe","subregion":"Northern Europe"},{"id":92,"name":"Guinea","iso2":"GN","iso3":"GIN","numericCode":"324","phoneCode":"224","capital":"Conakry","currency":"GNF","region":"Africa","subregion":"Western Africa"},{"id":93,"name":"Guinea-Bissau","iso2":"GW","iso3":"GNB","numericCode":"624","phoneCode":"245","capital":"Bissau","currency":"XOF","region":"Africa","subregion":"Western Africa"},{"id":94,"name":"Guyana","iso2":"GY","iso3":"GUY","numericCode":"328","phoneCode":"592","capital":"Georgetown","currency":"GYD","region":"Americas","subregion":"South America"},{"id":95,"name":"Haiti","iso2":"HT","iso3":"HTI","numericCode":"332","phoneCode":"509","capital":"Port-au-Prince","currency":"HTG","region":"Americas","subregion":"Caribbean"},{"id":96,"name":"Heard Island and McDonald Islands","iso2":"HM","iso3":"HMD","numericCode":"334","phoneCode":"672","capital":null,"currency":"AUD","region":null,"subregion":null},{"id":97,"name":"Honduras","iso2":"HN","iso3":"HND","numericCode":"340","phoneCode":"504","capital":"Tegucigalpa","currency":"HNL","region":"Americas","subregion":"Central America"},{"id":98,"name":"Hong Kong S.A.R.","iso2":"HK","iso3":"HKG","numericCode":"344","phoneCode":"852","capital":"Hong Kong","currency":"HKD","region":"Asia","subregion":"Eastern Asia"},{"id":99,"name":"Hungary","iso2":"HU","iso3":"HUN","numericCode":"348","phoneCode":"36","capital":"Budapest","currency":"HUF","region":"Europe","subregion":"Eastern Europe"},{"id":100,"name":"Iceland","iso2":"IS","iso3":"ISL","numericCode":"352","phoneCode":"354","capital":"Reykjavik","currency":"ISK","region":"Europe","subregion":"Northern Europe"},{"id":101,"name":"India","iso2":"IN","iso3":"IND","numericCode":"356","phoneCode":"91","capital":"New Delhi","currency":"INR","region":"Asia","subregion":"Southern Asia"},{"id":102,"name":"Indonesia","iso2":"ID","iso3":"IDN","numericCode":"360","phoneCode":"62","capital":"Jakarta","currency":"IDR","region":"Asia","subregion":"South-Eastern Asia"},{"id":103,"name":"Iran","iso2":"IR","iso3":"IRN","numericCode":"364","phoneCode":"98","capital":"Tehran","currency":"IRR","region":"Asia","subregion":"Southern Asia"},{"id":104,"name":"Iraq","iso2":"IQ","iso3":"IRQ","numericCode":"368","phoneCode":"964","capital":"Baghdad","currency":"IQD","region":"Asia","subregion":"Western Asia"},{"id":105,"name":"Ireland","iso2":"IE","iso3":"IRL","numericCode":"372","phoneCode":"353","capital":"Dublin","currency":"EUR","region":"Europe","subregion":"Northern Europe"},{"id":106,"name":"Israel","iso2":"IL","iso3":"ISR","numericCode":"376","phoneCode":"972","capital":"Jerusalem","currency":"ILS","region":"Asia","subregion":"Western Asia"},{"id":107,"name":"Italy","iso2":"IT","iso3":"ITA","numericCode":"380","phoneCode":"39","capital":"Rome","currency":"EUR","region":"Europe","subregion":"Southern Europe"},{"id":54,"name":"Ivory Coast","iso2":"CI","iso3":"CIV","numericCode":"384","phoneCode":"225","capital":"Yamoussoukro","currency":"XOF","region":"Africa","subregion":"Western Africa"},{"id":108,"name":"Jamaica","iso2":"JM","iso3":"JAM","numericCode":"388","phoneCode":"1","capital":"Kingston","currency":"JMD","region":"Americas","subregion":"Caribbean"},{"id":109,"name":"Japan","iso2":"JP","iso3":"JPN","numericCode":"392","phoneCode":"81","capital":"Tokyo","currency":"JPY","region":"Asia","subregion":"Eastern Asia"},{"id":110,"name":"Jersey","iso2":"JE","iso3":"JEY","numericCode":"832","phoneCode":"44","capital":"Saint Helier","currency":"GBP","region":"Europe","subregion":"Northern Europe"},{"id":111,"name":"Jordan","iso2":"JO","iso3":"JOR","numericCode":"400","phoneCode":"962","capital":"Amman","currency":"JOD","region":"Asia","subregion":"Western Asia"},{"id":112,"name":"Kazakhstan","iso2":"KZ","iso3":"KAZ","numericCode":"398","phoneCode":"7","capital":"Astana","currency":"KZT","region":"Asia","subregion":"Central Asia"},{"id":113,"name":"Kenya","iso2":"KE","iso3":"KEN","numericCode":"404","phoneCode":"254","capital":"Nairobi","currency":"KES","region":"Africa","subregion":"Eastern Africa"},{"id":114,"name":"Kiribati","iso2":"KI","iso3":"KIR","numericCode":"296","phoneCode":"686","capital":"Tarawa","currency":"AUD","region":"Oceania","subregion":"Micronesia"},{"id":248,"name":"Kosovo","iso2":"XK","iso3":"XKX","numericCode":"926","phoneCode":"383","capital":"Pristina","currency":"EUR","region":"Europe","subregion":"Eastern Europe"},{"id":117,"name":"Kuwait","iso2":"KW","iso3":"KWT","numericCode":"414","phoneCode":"965","capital":"Kuwait City","currency":"KWD","region":"Asia","subregion":"Western Asia"},{"id":118,"name":"Kyrgyzstan","iso2":"KG","iso3":"KGZ","numericCode":"417","phoneCode":"996","capital":"Bishkek","currency":"KGS","region":"Asia","subregion":"Central Asia"},{"id":119,"name":"Laos","iso2":"LA","iso3":"LAO","numericCode":"418","phoneCode":"856","capital":"Vientiane","currency":"LAK","region":"Asia","subregion":"South-Eastern Asia"},{"id":120,"name":"Latvia","iso2":"LV","iso3":"LVA","numericCode":"428","phoneCode":"371","capital":"Riga","currency":"EUR","region":"Europe","subregion":"Northern Europe"},{"id":121,"name":"Lebanon","iso2":"LB","iso3":"LBN","numericCode":"422","phoneCode":"961","capital":"Beirut","currency":"LBP","region":"Asia","subregion":"Western Asia"},{"id":122,"name":"Lesotho","iso2":"LS","iso3":"LSO","numericCode":"426","phoneCode":"266","capital":"Maseru","currency":"LSL","region":"Africa","subregion":"Southern Africa"},{"id":123,"name":"Liberia","iso2":"LR","iso3":"LBR","numericCode":"430","phoneCode":"231","capital":"Monrovia","currency":"LRD","region":"Africa","subregion":"Western Africa"},{"id":124,"name":"Libya","iso2":"LY","iso3":"LBY","numericCode":"434","phoneCode":"218","capital":"Tripolis","currency":"LYD","region":"Africa","subregion":"Northern Africa"},{"id":125,"name":"Liechtenstein","iso2":"LI","iso3":"LIE","numericCode":"438","phoneCode":"423","capital":"Vaduz","currency":"CHF","region":"Europe","subregion":"Western Europe"},{"id":126,"name":"Lithuania","iso2":"LT","iso3":"LTU","numericCode":"440","phoneCode":"370","capital":"Vilnius","currency":"EUR","region":"Europe","subregion":"Northern Europe"},{"id":127,"name":"Luxembourg","iso2":"LU","iso3":"LUX","numericCode":"442","phoneCode":"352","capital":"Luxembourg","currency":"EUR","region":"Europe","subregion":"Western Europe"},{"id":128,"name":"Macau S.A.R.","iso2":"MO","iso3":"MAC","numericCode":"446","phoneCode":"853","capital":"Macao","currency":"MOP","region":"Asia","subregion":"Eastern Asia"},{"id":130,"name":"Madagascar","iso2":"MG","iso3":"MDG","numericCode":"450","phoneCode":"261","capital":"Antananarivo","currency":"MGA","region":"Africa","subregion":"Eastern Africa"},{"id":131,"name":"Malawi","iso2":"MW","iso3":"MWI","numericCode":"454","phoneCode":"265","capital":"Lilongwe","currency":"MWK","region":"Africa","subregion":"Eastern Africa"},{"id":132,"name":"Malaysia","iso2":"MY","iso3":"MYS","numericCode":"458","phoneCode":"60","capital":"Kuala Lumpur","currency":"MYR","region":"Asia","subregion":"South-Eastern Asia"},{"id":133,"name":"Maldives","iso2":"MV","iso3":"MDV","numericCode":"462","phoneCode":"960","capital":"Male","currency":"MVR","region":"Asia","subregion":"Southern Asia"},{"id":134,"name":"Mali","iso2":"ML","iso3":"MLI","numericCode":"466","phoneCode":"223","capital":"Bamako","currency":"XOF","region":"Africa","subregion":"Western Africa"},{"id":135,"name":"Malta","iso2":"MT","iso3":"MLT","numericCode":"470","phoneCode":"356","capital":"Valletta","currency":"EUR","region":"Europe","subregion":"Southern Europe"},{"id":136,"name":"Man (Isle of)","iso2":"IM","iso3":"IMN","numericCode":"833","phoneCode":"44","capital":"Douglas, Isle of Man","currency":"GBP","region":"Europe","subregion":"Northern Europe"},{"id":137,"name":"Marshall Islands","iso2":"MH","iso3":"MHL","numericCode":"584","phoneCode":"692","capital":"Majuro","currency":"USD","region":"Oceania","subregion":"Micronesia"},{"id":138,"name":"Martinique","iso2":"MQ","iso3":"MTQ","numericCode":"474","phoneCode":"596","capital":"Fort-de-France","currency":"EUR","region":"Americas","subregion":"Caribbean"},{"id":139,"name":"Mauritania","iso2":"MR","iso3":"MRT","numericCode":"478","phoneCode":"222","capital":"Nouakchott","currency":"MRU","region":"Africa","subregion":"Western Africa"},{"id":140,"name":"Mauritius","iso2":"MU","iso3":"MUS","numericCode":"480","phoneCode":"230","capital":"Port Louis","currency":"MUR","region":"Africa","subregion":"Eastern Africa"},{"id":141,"name":"Mayotte","iso2":"YT","iso3":"MYT","numericCode":"175","phoneCode":"262","capital":"Mamoudzou","currency":"EUR","region":"Africa","subregion":"Eastern Africa"},{"id":142,"name":"Mexico","iso2":"MX","iso3":"MEX","numericCode":"484","phoneCode":"52","capital":"Ciudad de México","currency":"MXN","region":"Americas","subregion":"Northern America"},{"id":143,"name":"Micronesia","iso2":"FM","iso3":"FSM","numericCode":"583","phoneCode":"691","capital":"Palikir","currency":"USD","region":"Oceania","subregion":"Micronesia"},{"id":144,"name":"Moldova","iso2":"MD","iso3":"MDA","numericCode":"498","phoneCode":"373","capital":"Chisinau","currency":"MDL","region":"Europe","subregion":"Eastern Europe"},{"id":145,"name":"Monaco","iso2":"MC","iso3":"MCO","numericCode":"492","phoneCode":"377","capital":"Monaco","currency":"EUR","region":"Europe","subregion":"Western Europe"},{"id":146,"name":"Mongolia","iso2":"MN","iso3":"MNG","numericCode":"496","phoneCode":"976","capital":"Ulan Bator","currency":"MNT","region":"Asia","subregion":"Eastern Asia"},{"id":147,"name":"Montenegro","iso2":"ME","iso3":"MNE","numericCode":"499","phoneCode":"382","capital":"Podgorica","currency":"EUR","region":"Europe","subregion":"Southern Europe"},{"id":148,"name":"Montserrat","iso2":"MS","iso3":"MSR","numericCode":"500","phoneCode":"1","capital":"Plymouth","currency":"XCD","region":"Americas","subregion":"Caribbean"},{"id":149,"name":"Morocco","iso2":"MA","iso3":"MAR","numericCode":"504","phoneCode":"212","capital":"Rabat","currency":"MAD","region":"Africa","subregion":"Northern Africa"},{"id":150,"name":"Mozambique","iso2":"MZ","iso3":"MOZ","numericCode":"508","phoneCode":"258","capital":"Maputo","currency":"MZN","region":"Africa","subregion":"Eastern Africa"},{"id":151,"name":"Myanmar","iso2":"MM","iso3":"MMR","numericCode":"104","phoneCode":"95","capital":"Nay Pyi Taw","currency":"MMK","region":"Asia","subregion":"South-Eastern Asia"},{"id":152,"name":"Namibia","iso2":"NA","iso3":"NAM","numericCode":"516","phoneCode":"264","capital":"Windhoek","currency":"NAD","region":"Africa","subregion":"Southern Africa"},{"id":153,"name":"Nauru","iso2":"NR","iso3":"NRU","numericCode":"520","phoneCode":"674","capital":"Yaren","currency":"AUD","region":"Oceania","subregion":"Micronesia"},{"id":154,"name":"Nepal","iso2":"NP","iso3":"NPL","numericCode":"524","phoneCode":"977","capital":"Kathmandu","currency":"NPR","region":"Asia","subregion":"Southern Asia"},{"id":156,"name":"Netherlands","iso2":"NL","iso3":"NLD","numericCode":"528","phoneCode":"31","capital":"Amsterdam","currency":"EUR","region":"Europe","subregion":"Western Europe"},{"id":157,"name":"New Caledonia","iso2":"NC","iso3":"NCL","numericCode":"540","phoneCode":"687","capital":"Noumea","currency":"XPF","region":"Oceania","subregion":"Melanesia"},{"id":158,"name":"New Zealand","iso2":"NZ","iso3":"NZL","numericCode":"554","phoneCode":"64","capital":"Wellington","currency":"NZD","region":"Oceania","subregion":"Australia and New Zealand"},{"id":159,"name":"Nicaragua","iso2":"NI","iso3":"NIC","numericCode":"558","phoneCode":"505","capital":"Managua","currency":"NIO","region":"Americas","subregion":"Central America"},{"id":160,"name":"Niger","iso2":"NE","iso3":"NER","numericCode":"562","phoneCode":"227","capital":"Niamey","currency":"XOF","region":"Africa","subregion":"Western Africa"},{"id":161,"name":"Nigeria","iso2":"NG","iso3":"NGA","numericCode":"566","phoneCode":"234","capital":"Abuja","currency":"NGN","region":"Africa","subregion":"Western Africa"},{"id":162,"name":"Niue","iso2":"NU","iso3":"NIU","numericCode":"570","phoneCode":"683","capital":"Alofi","currency":"NZD","region":"Oceania","subregion":"Polynesia"},{"id":163,"name":"Norfolk Island","iso2":"NF","iso3":"NFK","numericCode":"574","phoneCode":"672","capital":"Kingston","currency":"AUD","region":"Oceania","subregion":"Australia and New Zealand"},{"id":115,"name":"North Korea","iso2":"KP","iso3":"PRK","numericCode":"408","phoneCode":"850","capital":"Pyongyang","currency":"KPW","region":"Asia","subregion":"Eastern Asia"},{"id":129,"name":"North Macedonia","iso2":"MK","iso3":"MKD","numericCode":"807","phoneCode":"389","capital":"Skopje","currency":"MKD","region":"Europe","subregion":"Southern Europe"},{"id":164,"name":"Northern Mariana Islands","iso2":"MP","iso3":"MNP","numericCode":"580","phoneCode":"1","capital":"Saipan","currency":"USD","region":"Oceania","subregion":"Micronesia"},{"id":165,"name":"Norway","iso2":"NO","iso3":"NOR","numericCode":"578","phoneCode":"47","capital":"Oslo","currency":"NOK","region":"Europe","subregion":"Northern Europe"},{"id":166,"name":"Oman","iso2":"OM","iso3":"OMN","numericCode":"512","phoneCode":"968","capital":"Muscat","currency":"OMR","region":"Asia","subregion":"Western Asia"},{"id":167,"name":"Pakistan","iso2":"PK","iso3":"PAK","numericCode":"586","phoneCode":"92","capital":"Islamabad","currency":"PKR","region":"Asia","subregion":"Southern Asia"},{"id":168,"name":"Palau","iso2":"PW","iso3":"PLW","numericCode":"585","phoneCode":"680","capital":"Melekeok","currency":"USD","region":"Oceania","subregion":"Micronesia"},{"id":169,"name":"Palestinian Territory Occupied","iso2":"PS","iso3":"PSE","numericCode":"275","phoneCode":"970","capital":"East Jerusalem","currency":"ILS","region":"Asia","subregion":"Western Asia"},{"id":170,"name":"Panama","iso2":"PA","iso3":"PAN","numericCode":"591","phoneCode":"507","capital":"Panama City","currency":"PAB","region":"Americas","subregion":"Central America"},{"id":171,"name":"Papua New Guinea","iso2":"PG","iso3":"PNG","numericCode":"598","phoneCode":"675","capital":"Port Moresby","currency":"PGK","region":"Oceania","subregion":"Melanesia"},{"id":172,"name":"Paraguay","iso2":"PY","iso3":"PRY","numericCode":"600","phoneCode":"595","capital":"Asunción","currency":"PYG","region":"Americas","subregion":"South America"},{"id":173,"name":"Peru","iso2":"PE","iso3":"PER","numericCode":"604","phoneCode":"51","capital":"Lima","currency":"PEN","region":"Americas","subregion":"South America"},{"id":174,"name":"Philippines","iso2":"PH","iso3":"PHL","numericCode":"608","phoneCode":"63","capital":"Manila","currency":"PHP","region":"Asia","subregion":"South-Eastern Asia"},{"id":175,"name":"Pitcairn Island","iso2":"PN","iso3":"PCN","numericCode":"612","phoneCode":"870","capital":"Adamstown","currency":"NZD","region":"Oceania","subregion":"Polynesia"},{"id":176,"name":"Poland","iso2":"PL","iso3":"POL","numericCode":"616","phoneCode":"48","capital":"Warsaw","currency":"PLN","region":"Europe","subregion":"Eastern Europe"},{"id":177,"name":"Portugal","iso2":"PT","iso3":"PRT","numericCode":"620","phoneCode":"351","capital":"Lisbon","currency":"EUR","region":"Europe","subregion":"Southern Europe"},{"id":178,"name":"Puerto Rico","iso2":"PR","iso3":"PRI","numericCode":"630","phoneCode":"1","capital":"San Juan","currency":"USD","region":"Americas","subregion":"Caribbean"},{"id":179,"name":"Qatar","iso2":"QA","iso3":"QAT","numericCode":"634","phoneCode":"974","capital":"Doha","currency":"QAR","region":"Asia","subregion":"Western Asia"},{"id":180,"name":"Reunion","iso2":"RE","iso3":"REU","numericCode":"638","phoneCode":"262","capital":"Saint-Denis","currency":"EUR","region":"Africa","subregion":"Eastern Africa"},{"id":181,"name":"Romania","iso2":"RO","iso3":"ROU","numericCode":"642","phoneCode":"40","capital":"Bucharest","currency":"RON","region":"Europe","subregion":"Eastern Europe"},{"id":182,"name":"Russia","iso2":"RU","iso3":"RUS","numericCode":"643","phoneCode":"7","capital":"Moscow","currency":"RUB","region":"Europe","subregion":"Eastern Europe"},{"id":183,"name":"Rwanda","iso2":"RW","iso3":"RWA","numericCode":"646","phoneCode":"250","capital":"Kigali","currency":"RWF","region":"Africa","subregion":"Eastern Africa"},{"id":184,"name":"Saint Helena","iso2":"SH","iso3":"SHN","numericCode":"654","phoneCode":"290","capital":"Jamestown","currency":"SHP","region":"Africa","subregion":"Western Africa"},{"id":185,"name":"Saint Kitts and Nevis","iso2":"KN","iso3":"KNA","numericCode":"659","phoneCode":"1","capital":"Basseterre","currency":"XCD","region":"Americas","subregion":"Caribbean"},{"id":186,"name":"Saint Lucia","iso2":"LC","iso3":"LCA","numericCode":"662","phoneCode":"1","capital":"Castries","currency":"XCD","region":"Americas","subregion":"Caribbean"},{"id":187,"name":"Saint Pierre and Miquelon","iso2":"PM","iso3":"SPM","numericCode":"666","phoneCode":"508","capital":"Saint-Pierre","currency":"EUR","region":"Americas","subregion":"Northern America"},{"id":188,"name":"Saint Vincent and the Grenadines","iso2":"VC","iso3":"VCT","numericCode":"670","phoneCode":"1","capital":"Kingstown","currency":"XCD","region":"Americas","subregion":"Caribbean"},{"id":189,"name":"Saint-Barthelemy","iso2":"BL","iso3":"BLM","numericCode":"652","phoneCode":"590","capital":"Gustavia","currency":"EUR","region":"Americas","subregion":"Caribbean"},{"id":190,"name":"Saint-Martin (French part)","iso2":"MF","iso3":"MAF","numericCode":"663","phoneCode":"590","capital":"Marigot","currency":"EUR","region":"Americas","subregion":"Caribbean"},{"id":191,"name":"Samoa","iso2":"WS","iso3":"WSM","numericCode":"882","phoneCode":"685","capital":"Apia","currency":"WST","region":"Oceania","subregion":"Polynesia"},{"id":192,"name":"San Marino","iso2":"SM","iso3":"SMR","numericCode":"674","phoneCode":"378","capital":"San Marino","currency":"EUR","region":"Europe","subregion":"Southern Europe"},{"id":193,"name":"Sao Tome and Principe","iso2":"ST","iso3":"STP","numericCode":"678","phoneCode":"239","capital":"Sao Tome","currency":"STN","region":"Africa","subregion":"Middle Africa"},{"id":194,"name":"Saudi Arabia","iso2":"SA","iso3":"SAU","numericCode":"682","phoneCode":"966","capital":"Riyadh","currency":"SAR","region":"Asia","subregion":"Western Asia"},{"id":195,"name":"Senegal","iso2":"SN","iso3":"SEN","numericCode":"686","phoneCode":"221","capital":"Dakar","currency":"XOF","region":"Africa","subregion":"Western Africa"},{"id":196,"name":"Serbia","iso2":"RS","iso3":"SRB","numericCode":"688","phoneCode":"381","capital":"Belgrade","currency":"RSD","region":"Europe","subregion":"Southern Europe"},{"id":197,"name":"Seychelles","iso2":"SC","iso3":"SYC","numericCode":"690","phoneCode":"248","capital":"Victoria","currency":"SCR","region":"Africa","subregion":"Eastern Africa"},{"id":198,"name":"Sierra Leone","iso2":"SL","iso3":"SLE","numericCode":"694","phoneCode":"232","capital":"Freetown","currency":"SLL","region":"Africa","subregion":"Western Africa"},{"id":199,"name":"Singapore","iso2":"SG","iso3":"SGP","numericCode":"702","phoneCode":"65","capital":"Singapur","currency":"SGD","region":"Asia","subregion":"South-Eastern Asia"},{"id":250,"name":"Sint Maarten (Dutch part)","iso2":"SX","iso3":"SXM","numericCode":"534","phoneCode":"1721","capital":"Philipsburg","currency":"ANG","region":"Americas","subregion":"Caribbean"},{"id":200,"name":"Slovakia","iso2":"SK","iso3":"SVK","numericCode":"703","phoneCode":"421","capital":"Bratislava","currency":"EUR","region":"Europe","subregion":"Eastern Europe"},{"id":201,"name":"Slovenia","iso2":"SI","iso3":"SVN","numericCode":"705","phoneCode":"386","capital":"Ljubljana","currency":"EUR","region":"Europe","subregion":"Southern Europe"},{"id":202,"name":"Solomon Islands","iso2":"SB","iso3":"SLB","numericCode":"090","phoneCode":"677","capital":"Honiara","currency":"SBD","region":"Oceania","subregion":"Melanesia"},{"id":203,"name":"Somalia","iso2":"SO","iso3":"SOM","numericCode":"706","phoneCode":"252","capital":"Mogadishu","currency":"SOS","region":"Africa","subregion":"Eastern Africa"},{"id":204,"name":"South Africa","iso2":"ZA","iso3":"ZAF","numericCode":"710","phoneCode":"27","capital":"Pretoria","currency":"ZAR","region":"Africa","subregion":"Southern Africa"},{"id":205,"name":"South Georgia","iso2":"GS","iso3":"SGS","numericCode":"239","phoneCode":"500","capital":"Grytviken","currency":"GBP","region":"Americas","subregion":"South America"},{"id":116,"name":"South Korea","iso2":"KR","iso3":"KOR","numericCode":"410","phoneCode":"82","capital":"Seoul","currency":"KRW","region":"Asia","subregion":"Eastern Asia"},{"id":206,"name":"South Sudan","iso2":"SS","iso3":"SSD","numericCode":"728","phoneCode":"211","capital":"Juba","currency":"SSP","region":"Africa","subregion":"Middle Africa"},{"id":207,"name":"Spain","iso2":"ES","iso3":"ESP","numericCode":"724","phoneCode":"34","capital":"Madrid","currency":"EUR","region":"Europe","subregion":"Southern Europe"},{"id":208,"name":"Sri Lanka","iso2":"LK","iso3":"LKA","numericCode":"144","phoneCode":"94","capital":"Colombo","currency":"LKR","region":"Asia","subregion":"Southern Asia"},{"id":209,"name":"Sudan","iso2":"SD","iso3":"SDN","numericCode":"729","phoneCode":"249","capital":"Khartoum","currency":"SDG","region":"Africa","subregion":"Northern Africa"},{"id":210,"name":"Suriname","iso2":"SR","iso3":"SUR","numericCode":"740","phoneCode":"597","capital":"Paramaribo","currency":"SRD","region":"Americas","subregion":"South America"},{"id":211,"name":"Svalbard and Jan Mayen Islands","iso2":"SJ","iso3":"SJM","numericCode":"744","phoneCode":"47","capital":"Longyearbyen","currency":"NOK","region":"Europe","subregion":"Northern Europe"},{"id":213,"name":"Sweden","iso2":"SE","iso3":"SWE","numericCode":"752","phoneCode":"46","capital":"Stockholm","currency":"SEK","region":"Europe","subregion":"Northern Europe"},{"id":214,"name":"Switzerland","iso2":"CH","iso3":"CHE","numericCode":"756","phoneCode":"41","capital":"Bern","currency":"CHF","region":"Europe","subregion":"Western Europe"},{"id":215,"name":"Syria","iso2":"SY","iso3":"SYR","numericCode":"760","phoneCode":"963","capital":"Damascus","currency":"SYP","region":"Asia","subregion":"Western Asia"},{"id":216,"name":"Taiwan","iso2":"TW","iso3":"TWN","numericCode":"158","phoneCode":"886","capital":"Taipei","currency":"TWD","region":"Asia","subregion":"Eastern Asia"},{"id":217,"name":"Tajikistan","iso2":"TJ","iso3":"TJK","numericCode":"762","phoneCode":"992","capital":"Dushanbe","currency":"TJS","region":"Asia","subregion":"Central Asia"},{"id":218,"name":"Tanzania","iso2":"TZ","iso3":"TZA","numericCode":"834","phoneCode":"255","capital":"Dodoma","currency":"TZS","region":"Africa","subregion":"Eastern Africa"},{"id":219,"name":"Thailand","iso2":"TH","iso3":"THA","numericCode":"764","phoneCode":"66","capital":"Bangkok","currency":"THB","region":"Asia","subregion":"South-Eastern Asia"},{"id":17,"name":"The Bahamas","iso2":"BS","iso3":"BHS","numericCode":"044","phoneCode":"1","capital":"Nassau","currency":"BSD","region":"Americas","subregion":"Caribbean"},{"id":80,"name":"The Gambia","iso2":"GM","iso3":"GMB","numericCode":"270","phoneCode":"220","capital":"Banjul","currency":"GMD","region":"Africa","subregion":"Western Africa"},{"id":63,"name":"Timor-Leste","iso2":"TL","iso3":"TLS","numericCode":"626","phoneCode":"670","capital":"Dili","currency":"USD","region":"Asia","subregion":"South-Eastern Asia"},{"id":220,"name":"Togo","iso2":"TG","iso3":"TGO","numericCode":"768","phoneCode":"228","capital":"Lome","currency":"XOF","region":"Africa","subregion":"Western Africa"},{"id":221,"name":"Tokelau","iso2":"TK","iso3":"TKL","numericCode":"772","phoneCode":"690","capital":null,"currency":"NZD","region":"Oceania","subregion":"Polynesia"},{"id":222,"name":"Tonga","iso2":"TO","iso3":"TON","numericCode":"776","phoneCode":"676","capital":"Nuku'alofa","currency":"TOP","region":"Oceania","subregion":"Polynesia"},{"id":223,"name":"Trinidad and Tobago","iso2":"TT","iso3":"TTO","numericCode":"780","phoneCode":"1","capital":"Port of Spain","currency":"TTD","region":"Americas","subregion":"Caribbean"},{"id":224,"name":"Tunisia","iso2":"TN","iso3":"TUN","numericCode":"788","phoneCode":"216","capital":"Tunis","currency":"TND","region":"Africa","subregion":"Northern Africa"},{"id":225,"name":"Turkey","iso2":"TR","iso3":"TUR","numericCode":"792","phoneCode":"90","capital":"Ankara","currency":"TRY","region":"Asia","subregion":"Western Asia"},{"id":226,"name":"Turkmenistan","iso2":"TM","iso3":"TKM","numericCode":"795","phoneCode":"993","capital":"Ashgabat","currency":"TMT","region":"Asia","subregion":"Central Asia"},{"id":227,"name":"Turks and Caicos Islands","iso2":"TC","iso3":"TCA","numericCode":"796","phoneCode":"1","capital":"Cockburn Town","currency":"USD","region":"Americas","subregion":"Caribbean"},{"id":228,"name":"Tuvalu","iso2":"TV","iso3":"TUV","numericCode":"798","phoneCode":"688","capital":"Funafuti","currency":"AUD","region":"Oceania","subregion":"Polynesia"},{"id":229,"name":"Uganda","iso2":"UG","iso3":"UGA","numericCode":"800","phoneCode":"256","capital":"Kampala","currency":"UGX","region":"Africa","subregion":"Eastern Africa"},{"id":230,"name":"Ukraine","iso2":"UA","iso3":"UKR","numericCode":"804","phoneCode":"380","capital":"Kyiv","currency":"UAH","region":"Europe","subregion":"Eastern Europe"},{"id":231,"name":"United Arab Emirates","iso2":"AE","iso3":"ARE","numericCode":"784","phoneCode":"971","capital":"Abu Dhabi","currency":"AED","region":"Asia","subregion":"Western Asia"},{"id":232,"name":"United Kingdom","iso2":"GB","iso3":"GBR","numericCode":"826","phoneCode":"44","capital":"London","currency":"GBP","region":"Europe","subregion":"Northern Europe"},{"id":233,"name":"United States","iso2":"US","iso3":"USA","numericCode":"840","phoneCode":"1","capital":"Washington","currency":"USD","region":"Americas","subregion":"Northern America"},{"id":234,"name":"United States Minor Outlying Islands","iso2":"UM","iso3":"UMI","numericCode":"581","phoneCode":"1","capital":null,"currency":"USD","region":"Americas","subregion":"Northern America"},{"id":235,"name":"Uruguay","iso2":"UY","iso3":"URY","numericCode":"858","phoneCode":"598","capital":"Montevideo","currency":"UYU","region":"Americas","subregion":"South America"},{"id":236,"name":"Uzbekistan","iso2":"UZ","iso3":"UZB","numericCode":"860","phoneCode":"998","capital":"Tashkent","currency":"UZS","region":"Asia","subregion":"Central Asia"},{"id":237,"name":"Vanuatu","iso2":"VU","iso3":"VUT","numericCode":"548","phoneCode":"678","capital":"Port Vila","currency":"VUV","region":"Oceania","subregion":"Melanesia"},{"id":238,"name":"Vatican City State (Holy See)","iso2":"VA","iso3":"VAT","numericCode":"336","phoneCode":"379","capital":"Vatican City","currency":"EUR","region":"Europe","subregion":"Southern Europe"},{"id":239,"name":"Venezuela","iso2":"VE","iso3":"VEN","numericCode":"862","phoneCode":"58","capital":"Caracas","currency":"VES","region":"Americas","subregion":"South America"},{"id":240,"name":"Vietnam","iso2":"VN","iso3":"VNM","numericCode":"704","phoneCode":"84","capital":"Hanoi","currency":"VND","region":"Asia","subregion":"South-Eastern Asia"},{"id":241,"name":"Virgin Islands (British)","iso2":"VG","iso3":"VGB","numericCode":"092","phoneCode":"1","capital":"Road Town","currency":"USD","region":"Americas","subregion":"Caribbean"},{"id":242,"name":"Virgin Islands (US)","iso2":"VI","iso3":"VIR","numericCode":"850","phoneCode":"1","capital":"Charlotte Amalie","currency":"USD","region":"Americas","subregion":"Caribbean"},{"id":243,"name":"Wallis and Futuna Islands","iso2":"WF","iso3":"WLF","numericCode":"876","phoneCode":"681","capital":"Mata Utu","currency":"XPF","region":"Oceania","subregion":"Polynesia"},{"id":244,"name":"Western Sahara","iso2":"EH","iso3":"ESH","numericCode":"732","phoneCode":"212","capital":"El-Aaiun","currency":"MAD","region":"Africa","subregion":"Northern Africa"},{"id":245,"name":"Yemen","iso2":"YE","iso3":"YEM","numericCode":"887","phoneCode":"967","capital":"Sanaa","currency":"YER","region":"Asia","subregion":"Western Asia"},{"id":246,"name":"Zambia","iso2":"ZM","iso3":"ZMB","numericCode":"894","phoneCode":"260","capital":"Lusaka","currency":"ZMW","region":"Africa","subregion":"Southern Africa"},{"id":247,"name":"Zimbabwe","iso2":"ZW","iso3":"ZWE","numericCode":"716","phoneCode":"263","capital":"Harare","currency":"ZWL","region":"Africa","subregion":"Eastern Africa"}]